id,file,original
50,50_House.png,62_Building_Home_House.png
51,51_Hut.png,78_Building_Tribal_Hut.png
52,52_Camp.png,73_Building_Tent_Campsite.png
53,53_Farm.png,60_Building_Farmland_Crops_2.png
54,54_Town.png,55_Building_Castle_Fortress_City_Roof.png
55,55_Castle.png,54_Building_Castle_Fortress_City.png
56,56_Tower.png,75_Building_Tower.png
57,57_Watchtower.png,76_Building_Tower_Roof.png
58,58_Lighthouse.png,67_Building_Lighthouse.png
59,59_Observatory.png,68_Building_Observatory_Astronomy_Astrology.png
60,60_Tavern.png,110_Sign_Entrance_Tavern_Shop.png
61,61_Shop.png,104_Price_Tag_Store.png
62,62_Trader.png,105_Price_Tag_Store_Dollar_Sign.png
63,63_Signpost.png,114_Signpost_Double.png
64,64_Flag.png,93_Flagpole_Triangle_Minesweeper.png
65,65_Banner.png,51_Banner_Heraldry_Hanging.png
66,66_Treasure.png,77_Building_Treasure_Pot_Of_Gold_Luck.png
